Workbook
Name InputLengthUnit: Config!$B$5
Name lstBind2_1: _Lists!$C$2:$C$3
Name lstBind2_2: _Lists!$H$2:$H$3
Name lstBind2_3: _Lists!$M$2:$M$3
Name lstBind2_4: _Lists!$R$2:$R$3
Name lstBind2_5: _Lists!$W$2:$W$3
Name lstBind2_6: _Lists!$AB$2:$AB$3
Name lstBind3_1: _Lists!$E$2:$E$3
Name lstBind3_2: _Lists!$J$2:$J$3
Name lstBind3_3: _Lists!$O$2:$O$3
Name lstBind3_4: _Lists!$T$2:$T$3
Name lstBind3_5: _Lists!$Y$2:$Y$3
Name lstBind3_6: _Lists!$AD$2:$AD$3
Name lstInputLength: _Lists!$A$2:$A$4
Name lstPos2_1: _Lists!$D$2:$D$3
Name lstPos2_2: _Lists!$I$2:$I$3
Name lstPos2_3: _Lists!$N$2:$N$3
Name lstPos2_4: _Lists!$S$2:$S$3
Name lstPos2_5: _Lists!$X$2:$X$3
Name lstPos2_6: _Lists!$AC$2:$AC$3
Name lstPos3_1: _Lists!$F$2:$F$3
Name lstPos3_2: _Lists!$K$2:$K$3
Name lstPos3_3: _Lists!$P$2:$P$3
Name lstPos3_4: _Lists!$U$2:$U$3
Name lstPos3_5: _Lists!$Z$2:$Z$3
Name lstPos3_6: _Lists!$AE$2:$AE$3
Name lstSide1: _Lists!$B$2:$B$7
Name lstSide2: _Lists!$G$2:$G$7
Name lstSide3: _Lists!$L$2:$L$7
Name lstSide4: _Lists!$Q$2:$Q$7
Name lstSide5: _Lists!$V$2:$V$7
Name lstSide6: _Lists!$AA$2:$AA$7
Name rngCurrentSideKeys: Config!$H$15:$H$20
Name rngCurrentSideNames: Config!$I$15:$I$20
Name rngLSectionGeometry: Config!$H$5:$L$20
Name rngRebarInput: Config!$H$23:$R$43
Name rngUnitSettings: Config!$A$4:$D$5
Name selGeometryType: Config!$J$8

Sheet Config
A3: Единицы измерения
A4: Параметр | B4: INPUT | C4: INTERNAL | D4: OUTPUT | H4: Г-образное сечение | L4: Подробнее
A5: Length | B5: mm | C5: mm | D5: m | H5: General | I5: 1. Общие настройки геометрии
H6: Ключ | I6: Параметр | J6: Значение | K6: Ед. | L6: Комментарий
H7: key | I7: name | J7: val | K7: unit | L7: note
H8: Type | I8: Тип сечения | J8: LSection | K8: — | L8: Постоянный код типа для ключей армирования.
A9: Параметры Г-сечения | H9: OffsetX | I9: Смещение X | J9: 0 | K9: =InputLengthUnit -> mm | L9: Смещение всего сечения по X; плюс — вправо.
A10: Четыре размера задаются вручную. Две длины вычисляются формулами. | H10: OffsetY | I10: Смещение Y | J10: 0 | K10: =InputLengthUnit -> mm | L10: Смещение всего сечения по Y; плюс — вверх.
A12: Как задаётся армирование | H12: Geometry | I12: 2. Основная геометрия сечения
A13: Выберите сторону из списка и задайте её армирование. | H13: Ключ стороны | I13: Сторона | J13: Длина | K13: Ед. | L13: Комментарий
A14: Ключ формируется из типа сечения и ключа стороны геометрии. | H14: key | I14: name | J14: val | K14: unit | L14: note
A15: Переименуйте ключ стороны — связанные ключи обновятся формулами. | H15: Top | I15: Верх | J15: 250 | K15: =InputLengthUnit -> mm | L15: Ширина верха B1.
A16: Дополнительные ряды относятся к той же стороне основного ряда. | H16: InnerRight | I16: Внутр. вертикаль | J16: 550 | K16: =InputLengthUnit -> mm | L16: Высота стенки над полкой H1.
A17: Пустая сторона оставляет ключ пустым. | H17: Shoulder | I17: Верх полки | J17: =J19-J15 -> 350 | K17: =InputLengthUnit -> mm | L17: Разность ширины основания и верха: B2 − B1.
A18: Все ключи вычисляются формулами Excel. VBA в этой книге нет. | H18: Right | I18: Справа | J18: 250 | K18: =InputLengthUnit -> mm | L18: Толщина нижней полки H2.
H19: Bottom | I19: Низ | J19: 600 | K19: =InputLengthUnit -> mm | L19: Ширина основания B2.
H20: Left | I20: Слева | J20: =J16+J18 -> 800 | K20: =InputLengthUnit -> mm | L20: Полная высота: H1 + H2.
H22: Общее армирование выбранного сечения | R22: Подробнее
H23: Main | I23: 1. Основное армирование
H24: Ключ | I24: Сторона | J24: До оси | K24: Диаметр | L24: Количество | M24: Отступ начала | N24: Отступ конца | O24: Комментарий
H25: key | I25: side | J25: as | K25: d | L25: n | M25: s0 | N25: s1 | O25: note
H26: Units | I26: Единицы | J26: =InputLengthUnit -> mm | K26: =InputLengthUnit -> mm | L26: шт | M26: =InputLengthUnit -> mm | N26: =InputLengthUnit -> mm
H27: =IF(OR(selGeometryType="",I27=""),"",selGeometryType&"."&INDEX(rngCurrentSideKeys,MATCH(I27,rngCurrentSideNames,0))) -> LSection.Top | I27: Верх | J27: 40 | K27: 20 | L27: 3 | M27: 40 | N27: 40 | O27: as — от края бетона до осей стержней.
H28: =IF(OR(selGeometryType="",I28=""),"",selGeometryType&"."&INDEX(rngCurrentSideKeys,MATCH(I28,rngCurrentSideNames,0))) -> LSection.InnerRight | I28: Внутр. вертикаль | J28: 40 | K28: 20 | L28: 5 | M28: 40 | N28: 40 | O28: d — диаметр основного ряда.
H29: =IF(OR(selGeometryType="",I29=""),"",selGeometryType&"."&INDEX(rngCurrentSideKeys,MATCH(I29,rngCurrentSideNames,0))) -> LSection.Shoulder | I29: Верх полки | J29: 40 | K29: 20 | L29: 4 | M29: 40 | N29: 40 | O29: n — число стержней на выбранной стороне.
H30: =IF(OR(selGeometryType="",I30=""),"",selGeometryType&"."&INDEX(rngCurrentSideKeys,MATCH(I30,rngCurrentSideNames,0))) -> LSection.Right | I30: Справа | J30: 40 | K30: 20 | L30: 2 | M30: 40 | N30: 40 | O30: s0 и s1 — отступы вдоль линии размещения.
H31: =IF(OR(selGeometryType="",I31=""),"",selGeometryType&"."&INDEX(rngCurrentSideKeys,MATCH(I31,rngCurrentSideNames,0))) -> LSection.Bottom | I31: Низ | J31: 40 | K31: 20 | L31: 6 | M31: 40 | N31: 40 | O31: 0 или пустой диаметр отключает ряд.
H32: =IF(OR(selGeometryType="",I32=""),"",selGeometryType&"."&INDEX(rngCurrentSideKeys,MATCH(I32,rngCurrentSideNames,0))) -> LSection.Left | I32: Слева | J32: 40 | K32: 20 | L32: 8 | M32: 40 | N32: 40 | O32: Ключ вычисляется по выбранной стороне геометрии.
H34: Extra | I34: 2. Дополнительное армирование
H35: Ключ | I35: Сторона | J35: Диаметр 2 | K35: Смещение 2 | L35: Привязка 2 | M35: Положение 2 | N35: Диаметр 3 | O35: Смещение 3 | P35: Привязка 3 | Q35: Положение 3 | R35: Комментарий
H36: key | I36: side | J36: d2 | K36: a2 | L36: bind2 | M36: pos2 | N36: d3 | O36: a3 | P36: bind3 | Q36: pos3 | R36: note
H37: Units | I37: Единицы | J37: =InputLengthUnit -> mm | K37: =InputLengthUnit -> mm | L37: — | M37: — | N37: =InputLengthUnit -> mm | O37: =InputLengthUnit -> mm | P37: — | Q37: —
H38: =H27&"" -> LSection.Top | I38: =I27&"" -> Верх | J38: 16 | K38: 0 | L38: EachBar | M38: Stacked | N38: 12 | O38: 0 | P38: EverySecondBar | Q38: SideBySide | R38: Смещения 2 и 3 отсчитываются от основного ряда.
H39: =H28&"" -> LSection.InnerRight | I39: =I28&"" -> Внутр. вертикаль | J39: 16 | K39: 60 | L39: EachBar | M39: Stacked | O39: 0 | P39: EachBar | Q39: Stacked | R39: 0 или пустой диаметр отключает дополнительный ряд.
H40: =H29&"" -> LSection.Shoulder | I40: =I29&"" -> Верх полки | J40: 12 | K40: 50 | L40: EverySecondBar | M40: Stacked | O40: 0 | P40: EachBar | Q40: Stacked | R40: EverySecondBar — у первого, третьего и следующих нечётных стержней.
H41: =H30&"" -> LSection.Right | I41: =I30&"" -> Справа | K41: 0 | L41: EachBar | M41: Stacked | O41: 0 | P41: EachBar | Q41: Stacked | R41: Ключ и сторона связаны с основным армированием.
H42: =H31&"" -> LSection.Bottom | I42: =I31&"" -> Низ | J42: 16 | K42: 0 | L42: EachBar | M42: SideBySide | N42: 12 | O42: 0 | P42: EverySecondBar | Q42: Stacked | R42: SideBySide — рядом вдоль линии размещения стержней.
H43: =H32&"" -> LSection.Left | I43: =I32&"" -> Слева | J43: 16 | K43: 70 | L43: EachBar | M43: Stacked | N43: 12 | O43: 70 | P43: EverySecondBar | Q43: SideBySide | R43: Stacked — в глубину бетона от основного ряда.

Sheet _Lists
A1: lstInputLength | B1: lstSide1 | C1: lstBind2_1 | D1: lstPos2_1 | E1: lstBind3_1 | F1: lstPos3_1 | G1: lstSide2 | H1: lstBind2_2 | I1: lstPos2_2 | J1: lstBind3_2 | K1: lstPos3_2 | L1: lstSide3 | M1: lstBind2_3 | N1: lstPos2_3 | O1: lstBind3_3 | P1: lstPos3_3 | Q1: lstSide4 | R1: lstBind2_4 | S1: lstPos2_4 | T1: lstBind3_4 | U1: lstPos3_4 | V1: lstSide5 | W1: lstBind2_5 | X1: lstPos2_5 | Y1: lstBind3_5 | Z1: lstPos3_5 | AA1: lstSide6 | AB1: lstBind2_6 | AC1: lstPos2_6 | AD1: lstBind3_6 | AE1: lstPos3_6
A2: mm | B2: =Config!I15 -> Верх | C2: EachBar | D2: Stacked | E2: EachBar | F2: Stacked | G2: =Config!I15 -> Верх | H2: EachBar | I2: Stacked | J2: EachBar | K2: Stacked | L2: =Config!I15 -> Верх | M2: EachBar | N2: Stacked | O2: EachBar | P2: Stacked | Q2: =Config!I15 -> Верх | R2: EachBar | S2: Stacked | T2: EachBar | U2: Stacked | V2: =Config!I15 -> Верх | W2: EachBar | X2: Stacked | Y2: EachBar | Z2: Stacked | AA2: =Config!I15 -> Верх | AB2: EachBar | AC2: Stacked | AD2: EachBar | AE2: Stacked
A3: cm | B3: =Config!I16 -> Внутр. вертикаль | C3: EverySecondBar | D3: SideBySide | E3: EverySecondBar | F3: SideBySide | G3: =Config!I16 -> Внутр. вертикаль | H3: EverySecondBar | I3: SideBySide | J3: EverySecondBar | K3: SideBySide | L3: =Config!I16 -> Внутр. вертикаль | M3: EverySecondBar | N3: SideBySide | O3: EverySecondBar | P3: SideBySide | Q3: =Config!I16 -> Внутр. вертикаль | R3: EverySecondBar | S3: SideBySide | T3: EverySecondBar | U3: SideBySide | V3: =Config!I16 -> Внутр. вертикаль | W3: EverySecondBar | X3: SideBySide | Y3: EverySecondBar | Z3: SideBySide | AA3: =Config!I16 -> Внутр. вертикаль | AB3: EverySecondBar | AC3: SideBySide | AD3: EverySecondBar | AE3: SideBySide
A4: m | B4: =Config!I17 -> Верх полки | G4: =Config!I17 -> Верх полки | L4: =Config!I17 -> Верх полки | Q4: =Config!I17 -> Верх полки | V4: =Config!I17 -> Верх полки | AA4: =Config!I17 -> Верх полки
B5: =Config!I18 -> Справа | G5: =Config!I18 -> Справа | L5: =Config!I18 -> Справа | Q5: =Config!I18 -> Справа | V5: =Config!I18 -> Справа | AA5: =Config!I18 -> Справа
B6: =Config!I19 -> Низ | G6: =Config!I19 -> Низ | L6: =Config!I19 -> Низ | Q6: =Config!I19 -> Низ | V6: =Config!I19 -> Низ | AA6: =Config!I19 -> Низ
B7: =Config!I20 -> Слева | G7: =Config!I20 -> Слева | L7: =Config!I20 -> Слева | Q7: =Config!I20 -> Слева | V7: =Config!I20 -> Слева | AA7: =Config!I20 -> Слева
